{
  "OpcodeDelays": {
    "addf": {
      "18": 0.50276154,
      "19": 0.49723846
    }
  }
}